,Population,state,county,FIPS
0,4211,30,061,30061
1,432,30,069,30069
2,6861,30,077,30077
3,11521,30,089,30089
4,1175,30,109,30109
5,104729,30,031,30031
6,67046,48,409,48409
7,132475,48,381,48381
8,5962,48,411,48411
9,3061,48,413,48413
10,12131,48,507,48507
11,21807,48,057,48057
12,1408,48,155,48155
13,7531,48,175,48175
14,8269,48,193,48193
15,8558,48,335,48335
16,32730,48,449,48449
17,19941,48,285,48285
18,12615,48,445,48445
19,64639,48,497,48497
20,36743,48,321,48321
21,15797,48,371,48371
22,93642,48,397,48397
23,136348,48,441,48441
24,1567,48,447,48447
25,71539,48,471,48471
26,43815,48,499,48499
27,24763,48,007,48007
28,2904,48,079,48079
29,3275,48,081,48081
30,75389,48,099,48099
31,4061,48,211,48211
32,21801,48,341,48341
33,120899,48,375,48375
34,8327,48,405,48405
35,3311,48,417,48417
36,63894,48,427,48427
37,3634,48,461,48461
38,37834,48,049,48049
39,3074,48,191,48191
40,10679,48,159,48159
41,19394,48,163,48163
42,20640,48,281,48281
43,26911,50,019,50019
44,6965,50,013,50013
45,162052,50,007,50007
46,25268,50,015,50015
47,49025,50,011,50011
48,30425,50,005,50005
49,43150,50,025,50025
50,35920,50,003,50003
51,36939,50,001,50001
52,6208,50,009,50009
53,58477,50,023,50023
54,12733,49,027,49027
55,65185,49,045,49045
56,160537,49,053,49053
57,7350,49,025,49025
58,40511,49,043,49043
59,9616,49,019,49019
60,1904,49,031,49031
61,2350,49,033,49033
62,30523,49,051,49051
63,6443,49,001,49001
64,53001,49,003,49003
65,49691,49,021,49021
66,11228,13,005,13005
67,18561,13,025,13025
68,17154,13,017,13017
69,22550,13,033,13033
70,66299,13,047,13047
71,10767,13,053,13053
72,24817,13,055,13055
73,147295,13,073,13073
74,26833,13,087,13087
75,96824,13,115,13115
76,219880,13,117,13117
77,44289,13,137,13137
78,25631,13,147,13147
79,114582,13,185,13185
80,14120,13,191,13191
81,21113,13,199,13199
82,33207,19,125,19125
83,22143,19,183,19183
84,12804,19,197,19197
85,13191,19,029,19029
86,11468,19,035,19035
87,17132,19,047,19047
88,39600,19,057,19057
89,19929,19,065,19065
90,14143,19,085,19085
91,15075,19,109,19109
92,14957,19,129,19129
93,8796,19,133,19133
94,42950,19,139,19139
95,6115,19,143,19143
96,474274,19,153,19153
97,36757,19,187,19187
98,96922,19,169,19169
99,102398,19,193,19193
100,133009,19,013,19013
101,12341,19,075,19075
102,20568,19,105,19105
103,10631,19,131,19131
104,10155,19,137,19137
105,9868,19,161,19161
106,25039,19,149,19149
107,21125,19,019,19019
108,47218,19,045,19045
109,8044,19,053,19053
110,18077,19,101,19101
111,13880,19,005,19005
112,222121,19,113,19113
113,84002,19,049,19049
114,13911,19,141,19141
115,2063,20,187,20187
116,4261,20,119,20119
117,32970,20,125,20125
118,9582,20,151,20151
119,2509,20,153,20153
120,7852,20,003,20003
121,6293,20,053,20053
122,34895,20,061,20061
123,34484,20,057,20057
124,6977,20,167,20167
125,9798,20,117,20117
126,12630,20,001,20001
127,2677,20,023,20023
128,35591,20,035,20035
129,2562,20,049,20049
130,25563,20,059,20059
131,315327,24,027,24027
132,906202,24,033,24033
133,567696,24,003,24003
134,827625,24,005,24005
135,248472,24,021,24021
136,91082,24,009,24009
137,29376,24,023,24023
138,19593,24,029,24029
139,1040133,24,031,24031
140,167522,24,013,24013
141,49355,24,035,24035
142,111531,24,037,24037
143,157671,24,017,24017
144,32261,24,019,24019
145,149811,24,043,24043
146,102172,24,045,24045
147,102517,24,015,24015
148,32875,24,011,24011
149,791766,25,025,25025
150,17313,25,007,25007
151,1595192,25,017,25017
152,558905,25,005,25005
153,469116,25,013,25013
154,781024,25,009,25009
155,70935,25,011,25011
156,822280,25,027,25027
157,161159,25,015,25015
158,37834,26,033,26033
159,149699,26,115,26115
160,1250843,26,125,26125
161,45830,26,059,26059
162,173043,26,121,26121
163,21639,26,089,26089
164,88202,26,087,26087
165,41376,26,151,26151
166,2130,26,083,26083
167,5968,26,131,26131
168,284034,26,139,26139
169,10364,26,001,26001
170,64176,26,067,26067
171,17463,26,079,26079
172,154807,26,021,26021
173,20928,26,129,26129
174,33111,26,165,26165
175,13836,26,039,26039
176,25570,26,043,26043
177,31543,26,063,26063
178,289564,26,065,26065
179,28884,26,105,26105
180,23234,26,109,26109
181,15006,26,113,26113
182,60897,26,149,26149
183,75272,26,159,26159
184,15165,26,011,26011
185,60057,26,015,26015
186,11212,26,071,26071
187,1968,30,059,30059
188,10546,30,009,30009
189,9393,30,001,30001
190,98082,30,029,30029
191,4807,30,065,30065
192,3438,31,083,31083
193,13799,31,185,31185
194,49030,31,019,31019
195,10760,31,037,31037
196,2843,31,087,31087
197,33063,31,141,31141
198,5255,31,143,31143
199,11089,31,013,31013
200,2988,31,017,31017
201,5234,31,161,31161
202,310094,31,109,31109
203,4275,31,129,31129
204,696,31,007,31007
205,2609,31,063,31063
206,554992,31,055,31055
207,8009,31,147,31147
208,10245,31,089,31089
209,4786,31,065,31065
210,14288,31,151,31151
211,7140,31,173,31173
212,20219,31,177,31177
213,5790,31,031,31031
214,36683,31,053,31053
215,1860,31,069,31069
216,4841,31,123,31123
217,7004,31,127,31127
218,645,31,171,31171
219,20317,31,043,31043
220,6372,31,003,31003
221,3734,31,029,31029
222,6232,31,035,31035
223,10830,31,041,31041
224,3006,31,061,31061
225,9178,31,081,31081
226,7188,31,095,31095
227,8099,31,101,31101
228,585,31,115,31115
229,2907,31,135,31135
230,21024,31,155,31155
231,36255,31,157,31157
232,792,31,103,31103
233,3667,31,105,31105
234,35433,31,111,31111
235,7157,31,139,31139
236,1266,31,165,31165
237,6528,31,021,31021
238,25702,31,025,31025
239,8991,31,039,31039
240,5746,31,051,31051
241,2023,31,057,31057
242,718,31,075,31075
243,2410,31,077,31077
244,61343,31,079,31079
245,943,31,085,31085
246,29366,49,039,49039
247,21118,49,041,49041
248,247731,49,057,49057
249,15281,49,037,49037
250,1120805,49,035,49035
251,612,49,009,49009
252,2694,49,055,49055
253,20356,49,007,49007
254,11391,49,029,49029
255,122336,49,005,49005
256,10948,49,023,49023
257,74153,51,095,51095
258,27408,51,167,51167
259,31059,51,173,51173
260,47042,51,540,51540
261,55170,51,031,51031
262,325642,51,087,51087
263,25890,51,099,51099
264,10804,51,103,51103
265,24134,51,105,51105
266,8796,51,115,51115
267,10700,51,119,51119
268,37894,51,149,51149
269,8878,51,159,51159
270,22009,51,169,51169
271,131412,51,177,51177
272,15577,51,011,51011
273,56233,51,067,51067
274,7052,51,097,51097
275,97997,51,121,51121
276,21103,51,127,51127
277,9786,51,049,51049
278,14960,51,051,51051
279,34779,51,083,51083
280,385143,51,107,51107
281,456749,51,153,51153
282,17939,51,175,51175
283,2214,51,091,51091
284,30184,51,033,51033
285,37161,51,073,51073
286,17859,51,141,51141
287,28574,51,145,51145
288,43045,51,171,51171
289,69115,51,061,51061
290,24452,51,790,51790
291,26282,51,065,51065
292,12854,51,007,51007
293,17630,51,750,51750
294,27789,51,840,51840
295,32742,51,001,51001
296,5113,51,045,51045
297,15666,51,063,51063
298,16814,51,071,51071
299,15811,51,077,51077
300,15500,51,135,51135
301,7332,51,157,51157
302,6995,51,036,51036
303,50450,51,047,51047
304,28308,51,053,51053
305,11887,05,041,05041
306,12139,05,049,05049
307,13389,05,061,05061
308,98296,05,051,05051
309,42831,05,093,05093
310,63644,05,115,05115
311,8244,05,117,05117
312,39732,05,139,05139
313,6660,05,147,05147
314,25230,05,023,05023
315,8226,05,025,05025
316,17225,05,067,05067
317,22018,05,057,05057
318,17043,05,135,05135
319,12446,05,137,05137
320,228529,05,143,05143
321,41219,05,005,05005
322,20537,05,003,05003
323,105701,05,031,05031
324,44623,05,055,05055
325,10322,05,105,05105
326,24054,05,111,05111
327,17193,05,133,05133
328,5202,05,013,05013
329,22385,05,019,05019
330,16669,05,075,05075
331,7249,05,095,05095
332,20906,05,029,05029
333,7848,05,101,05101
334,18124,05,001,05001
335,72206,05,085,05085
336,27887,05,015,05015
337,26294,05,123,05123
338,393463,05,119,05119
339,269075,06,047,06047
340,17540,06,043,06043
341,8938,06,049,06049
342,1133247,06,013,06013
343,18085,06,027,06027
344,539301,06,099,06099
345,443738,06,083,06083
346,27010,13,207,13207
347,21503,13,237,13237
348,30352,13,261,13261
349,1665,13,265,13265
350,5346,13,301,13301
351,35885,13,029,13029
352,23750,13,035,13035
353,52714,13,039,13039
354,12344,13,079,13079
355,10348,13,099,13099
356,42961,13,069,13069
357,140516,13,077,13077
358,29922,13,123,13123
359,90132,13,297,13297
360,9884,13,317,13317
361,20919,13,091,13091
362,56790,13,129,13129
363,241910,13,057,13057
364,111369,13,113,13113
365,29348,13,177,13177
366,30832,13,227,13227
367,16976,13,133,13133
368,17184,13,075,13075
369,23861,13,085,13085
370,1021902,13,121,13121
371,197658,15,001,15001
372,987638,15,003,15003
373,71377,15,007,15007
374,75,15,005,15005
375,23615,16,031,16031
376,5321,16,063,16063
377,10401,16,085,16085
378,13279,16,041,16041
379,40155,16,069,16069
380,153605,16,055,16055
381,20615,16,067,16067
382,83666,16,083,16083
383,21994,16,013,16013
384,7163,16,015,16015
385,2602,16,023,16023
386,15169,16,047,16047
387,446052,16,001,16001
388,5962,16,007,16007
389,45551,16,011,16011
390,886,16,025,16025
391,8640,16,035,16035
392,27969,16,051,16051
393,22955,48,225,48225
394,48583,48,349,48349
395,17239,48,415,48415
396,1385,48,433,48433
397,82577,48,021,48021
398,32691,48,025,48025
399,4839,48,103,48103
400,59273,50,021,50021
401,28937,50,017,50017
402,55427,50,027,50027
403,590440,49,049,49049
404,20219,49,013,49013
405,36323,49,047,49047
406,1842,20,083,20083
407,2916,20,089,20089
408,9762,20,159,20159
409,4214,20,185,20185
410,15882,20,139,20139
411,8296,20,031,20031
412,39108,20,037,20037
413,6156,20,073,20073
414,20367,20,099,20099
415,512064,20,173,20173
416,4686,20,157,20157
417,2545,20,065,20065
418,119319,20,045,20045
419,2506,20,179,20179
420,6037,20,069,20069
421,4686,42,023,42023
422,626370,42,017,42017
423,362613,42,077,42077
424,38827,42,031,42031
425,37144,42,059,42059
426,317884,42,079,42079
427,66220,42,037,42037
428,44084,42,065,42065
429,45924,42,099,42099
430,6177,42,113,42113
431,163861,44,003,44003
432,126242,44,009,44009
433,38068,45,071,45071
434,34017,45,027,45027
435,106995,45,085,45085
436,21577,45,011,45011
437,67253,45,031,45031
438,258641,45,091,45091
439,56711,45,021,45021
440,27900,45,053,45053
441,17606,45,061,45061
442,24657,45,001,45001
443,3869,46,085,46085
444,4306,46,039,46039
445,5256,46,015,46015
446,4201,46,053,46053
447,186749,46,099,46099
448,3673,46,025,46025
449,4967,46,077,46077
450,13925,46,027,46027
451,5779,46,041,46041
452,17617,46,065,46065
453,2388,46,111,46111
454,3301,46,059,46059
455,22717,46,135,46135
456,18374,46,005,46005
457,19901,46,035,46035
458,2029,46,073,46073
459,2997,46,117,46117
460,2326,46,107,46107
461,9344,46,023,46023
462,4895,46,091,46091
463,2907,46,105,46105
464,17552,26,019,26019
465,8069,26,153,26153
466,1761382,26,163,26163
467,91746,26,055,26055
468,10817,26,097,26097
469,409361,26,049,26049
470,15896,31,131,31131
471,10806,31,145,31145
472,8523,31,027,31027
473,8896,31,045,31045
474,5197,31,097,31097
475,9852,31,033,31033
476,23804,31,047,31047
477,1975,31,071,31071
478,454,31,117,31117
479,3554,31,125,31125
480,5992,31,167,31167
481,4224,31,175,31175
482,24010,32,001,32001
483,47828,32,005,32005
484,6611,32,027,32027
485,1830,32,011,32011
486,16904,32,013,32013
487,9737,32,033,32033
488,52252,32,007,32007
489,43705,32,023,32023
490,3941,32,029,32029
491,2141574,32,003,32003
492,53155,32,019,32019
493,76263,33,005,33005
494,89811,33,009,33009
495,305129,33,015,33015
496,43125,33,019,33019
497,411087,33,011,33011
498,32038,33,007,33007
499,47840,33,003,33003
500,368762,34,021,34021
501,153400,34,011,34011
502,330176,34,035,34035
503,591939,34,029,34029
504,268539,34,001,34001
505,826698,34,023,34023
506,63336,34,033,34033
507,93705,34,009,34009
508,507367,34,007,34007
509,553066,34,039,34039
510,668631,34,017,34017
511,125051,34,019,34019
512,494383,34,027,34027
513,4371,35,023,35023
514,72849,35,031,35031
515,140769,35,043,35043
516,28061,35,017,35017
517,3255,02,195,02195
518,8198,02,158,02158
519,4253913,04,013,04013
520,37879,04,009,04009
521,46584,04,023,04023
522,20701,04,012,04012
523,206064,04,015,04015
524,140217,04,005,04005
525,224645,04,025,04025
526,9504,04,011,04011
527,419721,04,021,04021
528,8440,05,099,05099
529,16998,05,037,05037
530,7432,05,039,05039
531,23892,05,027,05027
532,118009,05,125,05125
533,16684,05,141,05141
534,13559,05,065,05065
535,37264,05,063,05063
536,21757,05,083,05083
537,18086,05,053,05053
538,17780,05,047,05047
539,10808,05,109,05109
540,70424,05,069,05069
541,8993,05,097,05097
542,10442,05,127,05127
543,127461,05,131,05131
544,62472,05,033,05033
545,10826,05,017,05017
546,26291,05,071,05071
547,9398,05,077,05077
548,45096,29,029,29029
549,223302,29,099,29099
550,17811,29,143,29143
551,10217,29,173,29173
552,11845,30,017,30017
553,1619,30,075,30075
554,11228,30,085,30085
555,2280,30,051,30051
556,11360,30,083,30083
557,4976,30,101,30101
558,1753,30,019,30019
559,1951,30,045,30045
560,9100,30,023,30023
561,1630,30,055,30055
562,9250,30,087,30087
563,9191,30,021,30021
564,5834,30,007,30007
565,4124,30,071,30071
566,480,31,009,31009
567,1894,31,049,31049
568,886,31,113,31113
569,5098,31,169,31169
570,31583,31,001,31001
571,5313,31,011,31011
572,1350,31,149,31149
573,3042,31,163,31163
574,6405,31,093,31093
575,2015,31,073,31073
576,937005,47,157,47157
577,27859,47,077,47077
578,53247,47,089,47089
579,14730,47,153,47153
580,28018,47,017,47017
581,684017,47,037,47037
582,7912,47,135,47135
583,11962,47,121,47121
584,17779,47,075,47075
585,196387,47,125,47125
586,13331,47,061,47061
587,35336,47,029,47029
588,19601,47,041,47041
589,11956,47,101,47101
590,30520,47,131,47131
591,61446,47,167,47167
592,37576,47,045,47045
593,357546,47,065,47065
594,16782,47,139,47139
595,26580,47,185,47185
596,156734,47,163,47163
597,31364,36,095,36095
598,53743,36,035,36035
599,159431,36,083,36083
600,50692,36,033,36033
601,2298513,36,081,36081
602,61828,36,115,36115
603,1632480,36,061,36061
604,77868,36,011,36011
605,323686,36,087,36087
606,211704,36,063,36063
607,37751,36,031,36031
608,1356564,36,059,36059
609,17992,36,097,36097
610,48348,36,017,36017
611,114448,36,045,36045
612,1487901,36,103,36103
613,40565,36,121,36121
614,119104,36,075,36075
615,90856,36,117,36117
616,194402,36,007,36007
617,919866,36,029,36029
618,75211,36,105,36105
619,6915,05,073,05073
620,19034,05,107,05107
621,21573,05,149,05149
622,10948,05,011,05011
623,20163,05,113,05113
624,24106,05,103,05103
625,12417,05,081,05081
626,43759,05,091,05091
627,78804,05,145,05145
628,64148,06,033,06033
629,3664,29,129,29129
630,18293,29,229,29229
631,239164,29,047,29047
632,15504,29,065,29065
633,23102,29,195,29195
634,2040,29,227,29227
635,10039,29,079,29079
636,20137,29,141,29141
637,6315,29,179,29179
638,998684,29,189,29189
639,31527,29,209,29209
640,35493,29,009,29009
641,176515,29,019,29019
642,76740,29,051,29051
643,24280,29,055,29055
644,10221,29,093,29093
645,15076,29,117,29117
646,15958,29,135,29135
647,17031,29,155,29155
648,42371,29,159,29159
649,8246,29,203,29203
650,24945,29,175,29175
651,30428,29,069,29069
652,102781,29,071,29071
653,10113,29,089,29089
654,692003,29,095,29095
655,25049,29,131,29131
656,4815,29,171,29171
657,54720,29,213,29213
658,89076,29,021,29021
659,9049,29,025,29025
660,102678,29,037,29037
661,20475,29,049,29049
662,16499,29,059,29059
663,9368,29,085,29085
664,55563,29,113,29113
665,8654,29,137,29137
666,58202,29,145,29145
667,18489,29,163,29163
668,389985,29,183,29183
669,78324,29,031,29031
670,6061,29,205,29205
671,38082,29,225,29225
672,5270,29,005,29005
673,16374,29,013,29013
674,18989,29,015,29015
675,6197,29,035,29035
676,7590,29,057,29057
677,12186,29,115,29115
678,40102,29,091,29091
679,53689,29,101,29101
680,35507,29,105,29105
681,8884,29,125,29125
682,44789,29,161,29161
683,98824,29,165,29165
684,66342,29,187,29187
685,311273,29,510,29510
686,17403,29,003,29003
687,42733,29,023,29023
688,48828,48,013,48013
689,14966,48,353,48353
690,4098,48,229,48229
691,11586,48,475,48475
692,66645,48,203,48203
693,2123,48,327,48327
694,25066,48,149,48149
695,527057,48,491,48491
696,21571,48,233,48233
697,12424,48,343,48343
698,84047,48,361,48361
699,7802,48,495,48495
700,4602523,48,201,48201
701,45750,48,053,48053
702,26208,48,171,48171
703,2586552,48,113,48113
704,662,48,311,48311
705,18114,48,503,48503
706,163475,48,251,48251
707,36240,48,223,48223
708,10348,48,357,48357
709,3733,48,275,48275
710,248429,48,309,48309
711,4233,48,095,48095
712,2055,48,137,48137
713,18270,48,133,48133
714,2234,48,243,48243
715,5282,48,247,48247
716,554445,48,339,48339
717,10663,48,127,48127
718,272053,48,479,48479
719,1916,48,011,48011
720,7787,48,069,48069
721,31425,48,273,48273
722,39571,48,097,48097
723,5861,48,107,48107
724,3883,48,151,48151
725,11355,48,131,48131
726,11279,48,031,48031
727,35504,48,241,48241
728,255210,48,245,48245
729,3675,48,271,48271
730,2090,48,359,48359
731,13262,48,279,48279
732,3469,48,295,48295
733,8098,48,307,48307
734,4161,48,319,48319
735,2216,48,125,48125
736,16952,48,287,48287
737,2019977,48,439,48439
738,57863,48,001,48001
739,168838,48,139,48139
740,14820,48,239,48239
741,51365,48,265,48265
742,24664,48,331,48331
743,13495,48,093,48093
744,17299,48,145,48145
745,7180,48,047,48047
746,29565,48,015,48015
747,595,48,261,48261
748,21022,48,089,48089
749,178351,31,153,31153
750,2042,31,015,31015
751,5574,31,059,31059
752,691,31,091,31091
753,17127,31,159,31159
754,3571,31,181,31181
755,8067,31,023,31023
756,418,31,005,31005
757,21595,31,067,31067
758,6552,31,099,31099
759,35164,31,119,31119
760,9120,31,137,31137
761,9367,31,179,31179
762,8460,31,107,31107
763,7803,31,121,31121
764,2676,31,133,31133
765,822,31,183,31183
766,5746,32,015,32015
767,981,32,009,32009
768,8843,29,033,29033
769,8302,29,061,29061
770,4456,29,087,29087
771,28672,29,127,29127
772,13619,29,151,29151
773,13693,29,181,29181
774,33908,29,219,29219
775,24931,29,221,29221
776,84275,29,043,29043
777,12564,29,063,29063
778,8554,29,081,29081
779,32589,29,107,29107
780,25325,29,001,29001
781,4898,29,199,29199
782,6317,29,211,29211
783,6800,29,045,29045
784,119238,29,097,29097
785,10027,29,111,29111
786,22827,29,119,29119
787,19146,29,157,29157
788,31549,29,167,29167
789,22825,29,177,29177
790,16439,30,041,30041
791,5789,30,015,30015
792,19358,30,053,30053
793,16246,30,067,30067
794,777,30,103,30103
795,6727,30,005,30005
796,3653,30,097,30097
797,6080,30,099,30099
798,1342,30,079,30079
799,13699,30,035,30035
800,2838,30,025,30025
801,724,30,037,30037
802,34814,30,093,30093
803,9410,30,095,30095
804,11778,30,043,30043
805,3269,30,039,30039
806,2149,30,107,30107
807,8218,30,057,30057
808,3574,30,091,30091
809,1318,30,011,30011
810,13376,30,003,30003
811,29774,30,047,30047
812,67077,30,049,30049
813,6044,30,073,30073
814,157816,30,111,30111
815,115983,30,063,30063
816,41902,30,081,30081
817,7532,30,105,30105
818,81746,30,013,30013
819,11273,30,027,30027
820,1141,30,033,30033
821,63561,37,163,37163
822,72099,37,171,37171
823,17501,37,011,37011
824,254474,37,021,37021
825,39265,72,043,72043
826,37208,72,051,72051
827,18547,72,089,72089
828,28755,72,019,72019
829,21407,72,107,72107
830,37873,72,129,72129
831,27368,72,011,72011
832,11853,72,037,72037
833,16912,72,039,72039
834,19539,72,045,72045
835,42420,72,071,72071
836,14906,72,073,72073
837,26451,72,081,72081
838,37768,72,085,72085
839,344606,72,127,72127
840,37724,72,143,72143
841,6202,72,093,72093
842,7798,16,059,16059
843,23041,16,075,16075
844,9086,16,009,16009
845,42711,16,017,16017
846,1077,16,033,16033
847,4141,16,037,16037
848,26433,16,039,16039
849,12965,16,043,16043
850,38705,16,065,16065
851,12526,16,079,16079
852,16337,16,049,16049
853,11080,16,081,16081
854,7713,16,077,16077
855,10025,16,087,16087
856,18112,17,067,17067
857,265670,17,119,17119
858,50509,17,063,17063
859,111061,17,091,17091
860,15693,17,131,17131
861,931743,17,043,17043
862,6532,17,003,17003
863,12367,17,129,17129
864,110401,17,099,17099
865,5223719,17,031,17031
866,106512,17,115,17115
867,1575,20,199,20199
868,2645,20,017,20017
869,5686,20,189,20189
870,3663,20,183,20183
871,7616,20,067,20067
872,13318,20,085,20085
873,7470,20,095,20095
874,2810,20,109,20109
875,10104,20,131,20131
876,23545,20,149,20149
877,164345,20,209,20209
878,20331,20,021,20021
879,66468,20,015,20015
880,8142,20,027,20027
881,3097,20,105,20105
882,54977,20,169,20169
883,23208,20,191,20191
884,2858,20,195,20195
885,6888,20,197,20197
886,8780,20,205,20205
887,6222,20,123,20123
888,3603,20,141,20141
889,16363,20,005,20005
890,36957,20,055,20055
891,2616,20,075,20075
892,80042,20,103,20103
893,5525,20,201,20201
894,2143,20,203,20203
895,2838,20,129,20129
896,5486,20,137,20137
897,26791,20,009,20009
898,9060,20,029,20029
899,2925,20,047,20047
900,1642,20,101,20101
901,3102,20,165,20165
902,12032,20,115,20115
903,16125,20,133,20133
904,5902,20,143,20143
905,75296,20,161,20161
906,4733,20,007,20007
907,19004,20,041,20041
908,18888,20,087,20087
909,35765,21,089,21089
910,14479,21,069,21069
911,27290,21,043,21043
912,24915,21,081,21081
913,767154,21,111,21111
914,26849,21,141,21141
915,17153,21,161,21161
916,14520,21,191,21191
917,2143,21,201,21201
918,18246,21,215,21215
919,12268,21,011,21011
920,8090,21,007,21007
921,29913,21,021,21021
922,11023,21,087,21087
923,27134,21,095,21095
924,23177,26,009,26009
925,36360,26,061,26061
926,188482,26,093,26093
927,25247,26,069,26069
928,11763,26,085,26085
929,24444,26,101,26101
930,9261,26,119,26119
931,12797,26,141,26141
932,25289,26,051,26051
933,261573,26,077,26077
934,43264,26,107,26107
935,66939,26,103,26103
936,48142,26,123,26123
937,23232,26,133,26133
938,24397,26,137,26137
939,134473,26,025,26025
940,25458,26,031,26031
941,6364,26,095,26095
942,643140,26,081,26081
943,192778,26,145,26145
944,68493,26,155,26155
945,104786,26,017,26017
946,26219,26,029,26029
947,36190,26,041,26041
948,33039,26,047,26047
949,12644,27,071,27071
950,32949,27,097,27097
951,14184,27,113,27113
952,36676,27,147,27147
953,6343,27,167,27167
954,15834,27,001,27001
955,13896,27,043,27043
956,8353,27,101,27101
957,42658,27,067,27067
958,10569,27,075,27075
959,9413,27,133,27133
960,15462,27,135,27135
961,3337,27,155,27155
962,33773,27,005,27005
963,1235478,27,053,27053
964,25211,27,015,27015
965,12010,27,023,27023
966,8812,27,029,27029
967,46217,27,049,27049
968,38974,27,059,27059
969,10047,27,063,27063
970,39602,27,099,27099
971,29129,27,115,27115
972,153065,27,109,27109
973,13646,27,159,27159
974,39779,27,009,27009
975,30526,27,047,27047
976,201448,37,025,37025
977,22746,37,033,37033
978,41991,37,059,37059
979,164664,37,057,37057
980,59062,37,061,37061
981,306457,37,063,37063
982,24153,37,091,37091
983,60125,37,105,37105
984,224231,37,129,37129
985,59020,37,141,37141
986,124002,37,191,37191
987,35262,37,165,37165
988,54117,37,189,37189
989,51737,37,083,37083
990,160576,37,001,37001
991,4119,37,177,37177
992,30876,38,089,38089
993,4055,38,103,38103
994,2213,38,013,38013
995,10152,38,061,38061
996,34061,38,105,38105
997,946,38,007,38007
998,2460,38,043,38043
999,3824,38,019,38019
1000,2380,38,037,38037
1001,5927,38,049,38049
1002,1910,38,091,38091
1003,6886,38,005,38005
1004,4100,38,045,38045
1005,30544,38,059,38059
1006,4387,38,025,38025
1007,2654,38,051,38051
1008,2920,38,063,38063
1009,14603,38,079,38079
1010,10802,38,099,38099
1011,6589,38,009,38009
1012,10836,38,003,38003
1013,70400,38,035,38035
1014,12536,38,053,38053
1015,9608,38,055,38055
1016,4210,38,069,38069
1017,2495,38,075,38075
1018,3195,38,011,38011
1019,93737,38,015,38015
1020,1927,38,047,38047
1021,1837,38,065,38065
1022,21064,38,093,38093
1023,11557,38,071,38071
1024,3290,38,031,38031
1025,2266,38,039,38039
1026,1405,38,083,38083
1027,704,38,087,38087
1028,55654,39,159,39159
1029,28214,39,131,39131
1030,18872,39,125,39125
1031,812037,39,061,39061
1032,1275333,39,049,39049
1033,14430,17,127,17127
1034,12665,17,017,17017
1035,36378,18,069,18069
1036,24217,18,181,18181
1037,20993,18,075,18075
1038,44399,18,145,18145
1039,20792,18,153,18153
1040,189294,18,157,18157
1041,316095,18,057,18057
1042,81893,18,005,18005
1043,20212,18,049,18049
1044,47451,18,113,18113
1045,115702,18,019,18019
1046,160940,18,063,18063
1047,66944,18,053,18053
1048,43938,18,071,18071
1049,20878,18,119,18119
1050,33649,18,183,18183
1051,32301,18,023,18023
1052,7153,18,161,18161
1053,49501,18,029,18029
1054,45619,18,093,18093
1055,19141,18,123,18123
1056,25589,18,129,18129
1057,19994,18,015,18015
1058,16486,18,045,18045
1059,22941,18,149,18149
1060,32295,18,055,18055
1061,25626,19,011,19011
1062,96802,19,061,19061
1063,6898,19,151,19151
1064,7223,19,177,19177
1065,3726,19,003,19003
1066,5637,19,009,19009
1067,27897,06,021,06021
1068,227075,06,007,06007
1069,150075,06,031,06031
1070,18699,06,063,06063
1071,281455,06,079,06079
1072,978130,06,019,06019
1073,883053,06,029,06029
1074,3164182,06,059,06059
1075,848112,06,111,06111
1076,45235,06,009,06009
1077,95872,06,101,06101
1078,765935,06,081,06081
1079,53932,06,109,06109
1080,732212,06,077,06077
1081,37829,06,005,06005
1082,4318,08,095,08095
1083,12908,08,007,08007
1084,693417,08,031,08031
1085,1449,08,061,08061
1086,6583,08,055,08055
1087,3563,08,009,08009
1088,5924,08,047,08047
1089,7635,08,063,08063
1090,16537,08,051,08051
1091,823,08,079,08079
1092,4722,08,091,08091
1093,2350,08,115,08115
1094,295123,08,123,08123
1095,4640,08,027,08027
1096,3687,08,023,08023
1097,328614,08,035,08035
1098,7585,08,065,08065
1099,55101,08,067,08067
1100,17909,08,097,08097
1101,11351,08,105,08105
1102,5809,08,011,08011
1103,5630,08,025,08025
1104,544,08,111,08111
1105,338161,08,069,08069
1106,21689,08,075,08075
1107,7968,08,113,08113
1108,24113,08,119,08119
1109,25162,08,039,08039
1110,14179,08,071,08071
1111,5548,08,073,08073
1112,30429,08,117,08117
1113,16444,08,003,08003
1114,30346,08,029,08029
1115,47002,08,043,08043
1116,45433,17,177,17177
1117,16487,17,191,17191
1118,38817,17,203,17203
1119,39127,17,055,17055
1120,30875,17,109,17109
1121,307789,17,111,17111
1122,14703,17,139,17139
1123,15754,17,149,17149
1124,4249,17,151,17151
1125,263463,17,163,17163
1126,21832,17,173,17173
1127,209448,17,019,17019
1128,4858,17,013,17013
1129,13398,17,053,17053
1130,530839,17,089,17089
1131,124626,17,093,17093
1132,6675,17,009,17009
1133,38084,17,121,17121
1134,13778,17,125,17125
1135,28169,17,075,17075
1136,13338,17,025,17025
1137,5157,17,059,17059
1138,33936,17,133,17133
1139,17127,17,181,17181
1140,286174,17,201,17201
1141,5611,17,153,17153
1142,7064,17,169,17169
1143,17539,17,045,17045
1144,53606,17,007,17007
1145,33381,17,011,17011
1146,51736,17,029,17029
1147,19088,17,033,17033
1148,5746,17,155,17155
1149,16042,17,039,17039
1150,34527,17,103,17103
1151,45719,17,117,17117
1152,15881,17,159,17159
1153,14155,17,189,17189
1154,223787,51,760,51760
1155,11036,51,057,51057
1156,42080,51,185,51185
1157,16423,51,685,51685
1158,11486,51,183,51183
1159,41457,51,683,51683
1160,25519,51,775,51775
1161,12095,51,037,51037
1162,11659,51,081,51081
1163,274684,53,067,53067
1164,4001,53,013,53013
1165,21396,53,039,53039
1166,71967,53,027,53027
1167,4189,53,069,53069
1168,94860,53,025,53025
1169,786620,53,061,53061
1170,13018,54,089,54089
1171,35347,54,025,54025
1172,27278,54,057,54057
1173,16276,54,041,54041
1174,8531,54,075,54075
1175,24458,21,137,21137
1176,10634,21,171,21171
1177,24071,21,183,21183
1178,14802,21,225,21225
1179,13155,21,233,21233
1180,8743,48,425,48425
1181,56379,48,199,48199
1182,17098,48,289,48289
1183,14057,48,351,48351
1184,15125,48,389,48389
1185,1203166,48,453,48453
1186,2996,48,087,48087
1187,41482,48,143,48143
1188,1156,48,345,48345
1189,8391,48,083,48083
1190,49334,48,325,48325
1191,80460,48,213,48213
1192,49532,48,277,48277
1193,4408,48,267,48267
1194,34796,48,477,48477
1195,9372,48,429,48429
1196,17818,48,003,48003
1197,20667,48,177,48177
1198,5808,48,305,48305
1199,14369,48,505,48505
1200,56901,48,221,48221
1201,228,48,269,48269
1202,51903,48,073,48073
1203,5215,48,119,48119
1204,19891,48,253,48253
1205,11919,21,159,21159
1206,41192,48,249,48249
1207,7243,48,111,48111
1208,739342,48,157,48157
1209,1524,48,235,48235
1210,21754,48,489,48489
1211,12964,48,115,48115
1212,17863,48,051,48051
1213,360486,48,355,48355
1214,11473,48,379,48379
1215,3389,48,385,48385
1216,1141,48,431,48431
1217,6032,48,065,48065
1218,19709,48,161,48161
1219,3952,48,197,48197
1220,1546,48,045,48045
1221,81862,48,291,48291
1222,102,48,301,48301
1223,16890,48,395,48395
1224,53595,48,401,48401
1225,14569,48,455,48455
1226,21763,48,019,48019
1227,7226,48,075,48075
1228,135097,48,091,48091
1229,45203,27,061,27061
1230,10980,27,121,27121
1231,9784,27,149,27149
1232,9411,27,151,27151
1233,11372,27,033,27033
1234,143372,27,139,27139
1235,21500,27,157,27157
1236,9185,27,117,27117
1237,6559,27,107,27107
1238,33783,27,103,27103
1239,65344,39,101,39101
1240,92526,39,157,39157
1241,116208,39,169,39169
1242,43679,39,015,39015
1243,378294,39,017,39017
1244,15307,39,067,39067
1245,61215,39,083,39083
1246,172293,39,089,39089
1247,121324,39,139,39139
1248,13111,39,163,39163
1249,27578,39,019,39019
1250,75690,39,063,39063
1251,203216,39,025,39025
1252,152910,39,045,39045
1253,38279,39,039,39039
1254,43007,39,071,39071
1255,27316,39,069,39069
1256,66886,39,081,39081
1257,162644,39,133,39133
1258,33969,39,137,39137
1259,68472,39,013,39013
1260,41896,39,027,39027
1261,28645,39,047,39047
1262,35985,39,127,39127
1263,57420,39,129,39129
1264,43988,39,097,39097
1265,86076,39,119,39119
1266,59299,39,143,39143
1267,28281,39,161,39161
1268,60671,39,167,39167
1269,45784,39,011,39011
1270,51734,39,037,39037
1271,40709,39,123,39123
1272,31542,39,065,39065
1273,32524,39,079,39079
1274,58457,39,077,39077
1275,65936,39,009,39009
1276,27878,39,001,39001
1277,177257,39,103,39103
1278,432379,39,095,39095
1279,14443,39,121,39121
1280,55475,39,147,39147
1281,373475,39,151,39151
1282,36574,39,031,39031
1283,197008,39,041,39041
1284,93961,39,055,39055
1285,28495,39,073,39073
1286,230052,39,085,39085
1287,77051,39,141,39141
1288,1253783,39,035,39035
1289,43859,39,075,39075
1290,104800,39,109,39109
1291,14090,39,111,39111
1292,201794,39,155,39155
1293,129936,39,173,39173
1294,53477,39,005,39005
1295,4918,40,043,40043
1296,3847,40,059,40059
1297,46044,40,083,40083
1298,642781,40,143,40143
1299,52001,40,147,40147
1300,6916,19,093,19093
1301,7863,19,135,19135
1302,34825,19,167,19167
1303,9780,19,025,19025
1304,42984,19,033,19033
1305,17127,19,083,19083
1306,8597,19,117,19117
1307,9055,19,147,19147
1308,19926,19,087,19087
1309,36891,19,099,19099
1310,18605,19,157,19157
1311,17672,19,043,19043
1312,24782,19,017,19017
1313,9551,19,063,19063
1314,10888,19,081,19081
1315,19395,19,097,19097
1316,34541,19,111,19111
1317,49361,19,181,19181
1318,22208,19,123,19123
1319,16313,19,041,19041
1320,17258,19,055,19055
1321,6413,19,185,19185
1322,172288,19,163,19163
1323,5966,20,181,20181
1324,7824,20,193,20193
1325,5566,20,127,20127
1326,5118,20,163,20163
1327,2053,20,025,20025
1328,5673,20,077,20077
1329,33299,20,111,20111
1330,6709,20,145,20145
1331,1780,20,033,20033
1332,8885,19,051,19051
1333,2619,20,063,20063
1334,34555,20,079,20079
1335,3932,20,093,20093
1336,28630,20,113,20113
1337,1200,20,071,20071
1338,28878,20,051,20051
1339,9635,20,107,20107
1340,22692,20,175,20175
1341,585502,20,091,20091
1342,33127,20,121,20121
1343,3170,20,207,20207
1344,50199,35,009,35009
1345,57437,35,015,35015
1346,4563,35,033,35033
1347,127455,35,045,35045
1348,8253,28,009,28009
1349,7757,28,037,28037
1350,23802,28,027,28027
1351,16529,28,061,28061
1352,68454,28,067,28067
1353,14601,28,147,28147
1354,35840,28,095,28095
1355,19410,51,079,51079
1356,104449,51,085,51085
1357,12278,51,111,51111
1358,35612,51,137,51137
1359,5381,51,595,51595
1360,28940,51,197,51197
1361,237820,51,550,51550
1362,53391,51,660,51660
1363,106355,51,003,51003
1364,77908,51,019,51019
1365,17004,51,029,51029
1366,39025,51,195,51195
1367,5582,51,580,51580
1368,95311,51,740,51740
1369,450135,51,810,51810
1370,15286,51,005,51005
1371,6638,51,640,51640
1372,17638,51,193,51193
1373,12223,51,133,51133
1374,34234,51,155,51155
1375,39449,51,187,51187
1376,41512,51,590,51590
1377,28469,51,630,51630
1378,31882,51,009,51009
1379,4393,51,017,51017
1380,22408,51,670,51670
1381,180145,51,700,51700
1382,85153,51,069,51069
1383,80131,51,680,51680
1384,67587,51,199,51199
1385,13101,51,690,51690
1386,14812,51,125,51125
1387,61676,51,143,51143
1388,6399,51,530,51530
1389,14067,51,610,51610
1390,31827,51,730,51730
1391,12039,51,735,51735
1392,23865,51,600,51600
1393,21926,51,820,51820
1394,99621,51,770,51770
1395,89160,51,800,51800
1396,245592,51,710,51710
1397,339447,51,041,51041
1398,1143529,51,059,51059
1399,41638,53,047,53047
1400,44825,53,037,53037
1401,194168,53,005,53005
1402,465384,53,011,53011
1403,22337,53,003,53003
1404,19452,53,001,53001
1405,2224,53,023,53023
1406,62627,53,045,53045
1407,123907,53,057,53057
1408,44214,53,065,53065
1409,497875,53,063,53063
1410,10435,53,043,53043
1411,75757,53,007,53007
1412,30856,53,031,53031
1413,14174,06,051,06051
1414,59416,06,069,06069
1415,1510023,06,067,06067
1416,186661,06,017,06017
1417,433212,06,053,06053
1418,870044,06,075,06075
1419,3302833,06,073,06073
1420,460477,06,107,06107
1421,135768,06,023,06023
1422,1146,06,003,06003
1423,155013,06,039,06039
1424,273765,06,087,06087
1425,12862,06,105,06105
1426,2383286,06,065,06065
1427,2135413,06,071,06071
1428,260295,06,041,06041
1429,380077,06,061,06061
1430,179085,06,089,06089
1431,438530,06,095,06095
1432,21464,06,011,06011
1433,4448,32,021,32021
1434,5174,32,017,32017
1435,450486,32,031,32031
1436,54467,32,510,32510
1437,149452,33,013,33013
1438,60640,33,001,33001
1439,128237,33,017,33017
1440,623387,34,025,34025
1441,63373,06,103,06103
1442,142298,34,037,34037
1443,793555,34,013,34013
1444,290852,34,015,34015
1445,504041,34,031,34031
1446,929999,34,003,34003
1447,106293,34,041,34041
1448,446367,34,005,34005
1449,24264,35,029,35029
1450,32888,35,055,35055
1451,12353,35,007,35007
1452,459,35,021,35021
1453,8373,35,037,35037
1454,10828,28,103,28103
1455,28493,28,137,28137
1456,34243,28,107,28107
1457,12421,28,161,28161
1458,28721,28,029,28029
1459,241774,28,049,28049
1460,28356,28,145,28145
1461,21990,28,139,28139
1462,75517,28,035,28035
1463,53459,28,071,28071
1464,59437,28,087,28087
1465,8990,28,157,28157
1466,11495,28,065,28065
1467,28415,28,123,28123
1468,27974,28,163,28163
1469,32592,28,011,28011
1470,39737,28,113,28113
1471,10248,49,015,49015
1472,5017,49,017,49017
1473,36372,51,093,51093
1474,8211,51,620,51620
1475,7110,51,678,51678
1476,51588,51,089,51089
1477,16497,51,101,51101
1478,35380,51,109,51109
1479,22956,51,147,51147
1480,79444,51,165,51165
1481,6600,51,181,51181
1482,14365,51,043,51043
1483,30847,51,117,51117
1484,74701,51,015,51015
1485,22482,51,075,51075
1486,13139,51,113,51113
1487,93583,51,161,51161
1488,16665,51,025,51025
1489,11957,51,131,51131
1490,22509,51,163,51163
1491,3990,51,720,51720
1492,17593,51,570,51570
1493,6447,51,021,51021
1494,33222,51,023,51023
1495,16843,51,520,51520
1496,14788,51,830,51830
1497,29738,51,035,51035
1498,54406,51,191,51191
1499,340621,49,011,49011
1500,23749,51,139,51139
1501,156505,51,510,51510
1502,135583,51,650,51650
1503,231803,51,013,51013
1504,22138,51,027,51027
1505,14335,46,102,46102
1506,10146,46,121,46121
1507,31315,28,115,28115
1508,18075,28,051,28051
1509,12468,28,005,28005
1510,103498,28,089,28089
1511,14571,28,013,28013
1512,25202,28,091,28091
1513,19478,28,141,28141
1514,20422,28,153,28153
1515,13714,28,041,28041
1516,35787,28,093,28093
1517,7372,28,119,28119
1518,55149,28,109,28109
1519,22870,28,079,28079
1520,29376,28,099,28099
1521,151240,28,121,28121
1522,47086,28,151,28151
1523,12630,28,077,28077
1524,12028,28,111,28111
1525,17279,28,017,28017
1526,10129,28,015,28015
1527,23710,28,039,28039
1528,21278,28,043,28043
1529,7346,28,063,28063
1530,21524,28,101,28101
1531,25360,28,117,28117
1532,4511,28,125,28125
1533,8321,28,019,28019
1534,46653,28,045,28045
1535,23480,28,057,28057
1536,1328,28,055,28055
1537,142014,28,059,28059
1538,29804,28,083,28083
1539,10170,28,143,28143
1540,9120,28,021,28021
1541,202626,28,047,28047
1542,77323,28,075,28075
1543,34432,28,085,28085
1544,27073,28,127,28127
1545,18358,28,159,28159
1546,18581,28,007,28007
1547,61223,28,073,28073
1548,84915,28,081,28081
1549,14361,28,135,28135
1550,16063,28,129,28129
1551,47075,28,149,28149
1552,15928,28,023,28023
1553,10198,28,097,28097
1554,49481,28,105,28105
1555,9828,28,155,28155
1556,37180,28,003,28003
1557,19808,28,025,28025
1558,19091,28,031,28031
1559,8539,28,053,28053
1560,274515,42,043,42043
1561,10973,37,005,37005
1562,81779,37,027,37027
1563,156729,37,035,37035
1564,2163257,53,033,53033
1565,21281,53,049,53049
1566,13219,53,051,53051
1567,16473,53,055,53055
1568,11620,53,059,53059
1569,48593,53,075,53075
1570,249325,53,077,53077
1571,74487,53,009,53009
1572,105112,53,015,53015
1573,7576,53,019,53019
1574,76947,53,041,53041
1575,41371,53,017,53017
1576,81636,53,029,53029
1577,859840,53,053,53053
1578,90660,53,021,53021
1579,60236,53,071,53071
1580,216812,53,073,53073
1581,11641,54,023,54023
1582,23363,54,027,54027
1583,22772,54,009,54009
1584,8536,54,017,54017
1585,13842,54,031,54031
1586,56497,54,049,54049
1587,24741,54,059,54059
1588,29680,54,029,54029
1589,31645,54,051,54051
1590,25324,54,067,54067
1591,7027,54,093,54093
1592,8909,54,095,54095
1593,14205,54,087,54087
1594,16951,54,091,54091
1595,85556,54,107,54107
1596,8205,54,021,54021
1597,262475,53,035,53035
1598,26939,54,053,54053
1599,13467,54,063,54063
1600,7507,54,073,54073
1601,95318,54,011,54011
1602,56179,54,037,54037
1603,33801,54,045,54045
1604,7056,54,071,54071
1605,68209,54,033,54033
1606,42547,54,069,54069
1607,7396,54,013,54013
1608,17624,54,065,54065
1609,76232,54,081,54081
1610,56652,54,079,54079
1611,16730,54,001,54001
1612,19217,54,047,54047
1613,40708,54,099,54099
1614,29018,54,035,54035
1615,8771,72,147,72147
1616,34149,72,151,72151
1617,38643,72,003,72003
1618,131363,72,025,72025
1619,46108,72,029,72029
1620,40343,72,041,72041
1621,10107,28,069,28069
1622,26532,28,133,28133
1623,31547,28,001,28001
1624,176132,28,033,28033
1625,563527,42,045,42045
1626,371573,37,067,37067
1627,33778,37,017,37017
1628,68920,37,031,37031
1629,18375,28,131,28131
1630,97159,37,045,37045
1631,103082,37,049,37049
1632,53332,37,065,37065
1633,58874,37,077,37077
1634,130361,37,085,37085
1635,53239,37,093,37093
1636,113625,37,089,37089
1637,5393,37,095,37095
1638,172525,37,097,37097
1639,1054314,37,119,37119
1640,20186,37,131,37131
1641,177372,37,147,37147
1642,139605,37,159,37159
1643,44482,37,181,37181
1644,27668,37,039,37039
1645,25796,37,053,37053
1646,226694,37,179,37179
1647,68460,37,193,37193
1648,94003,37,127,37127
1649,37119,37,003,37003
1650,35741,37,055,37055
1651,20033,37,185,37185
1652,81336,37,195,37195
1653,11563,37,073,37073
1654,8557,37,075,37075
1655,21405,37,115,37115
1656,12742,37,137,37137
1657,20458,37,149,37149
1658,142958,37,151,37151
1659,45905,37,169,37169
1660,12156,37,187,37187
1661,10813,37,043,37043
1662,332106,37,051,37051
1663,523582,37,081,37081
1664,42256,37,099,37099
1665,39479,37,139,37139
1666,133442,37,155,37155
1667,14254,37,173,37173
1668,1046558,37,183,37183
1669,25306,37,007,37007
1670,45109,37,111,37111
1671,64902,37,069,37069
1672,9695,37,103,37103
1673,34410,37,113,37113
1674,126860,37,019,37019
1675,33513,37,175,37175
1676,47243,37,013,37013
1677,56293,37,047,37047
1678,81441,37,109,37109
1679,27338,37,123,37123
1680,142938,37,135,37135
1681,45189,37,153,37153
1682,21839,27,105,27105
1683,93231,27,141,27141
1684,100416,27,019,27019
1685,35825,27,085,27085
1686,541493,27,123,27123
1687,50847,27,169,27169
1688,20582,27,039,27039
1689,63855,27,035,27035
1690,132745,27,171,27171
1691,87306,01,115,01115
1692,698249,25,021,25021
1693,82313,01,043,01043
1694,104352,01,069,01069
1695,206213,01,125,01125
1696,51288,01,031,01031
1697,43930,01,021,01021
1698,10855,01,037,01037
1699,102939,01,055,01055
1700,13933,01,075,01075
1701,20025,01,013,01013
1702,64493,01,127,01127
1703,8426,01,063,01063
1704,10352,01,011,01011
1705,29009,17,135,17135
1706,56396,17,195,17195
1707,66427,17,001,17001
1708,37628,17,027,17027
1709,104200,17,037,17037
1710,6507,17,047,17047
1711,9598,17,079,17079
1712,38169,17,081,17081
1713,78407,17,183,17183
1714,688697,17,197,17197
1715,67299,17,199,17199
1716,15836,17,023,17023
1717,19714,17,041,17041
1718,34174,17,049,17049
1719,35418,17,057,17057
1720,13218,17,061,17061
1721,8221,17,065,17065
1722,4009,17,069,17069
1723,49464,17,073,17073
1724,12602,17,087,17087
1725,50999,17,095,17095
1726,36324,17,105,17105
1727,5047,17,171,17171
1728,133852,17,179,17179
1729,17338,17,187,17187
1730,39712,18,061,18061
1731,110552,18,091,18091
1732,31631,18,169,18169
1733,33449,18,073,18073
1734,10210,18,101,18101
1735,168041,18,127,18127
1736,28425,18,137,18137
1737,20526,18,147,18147
1738,15814,21,103,21103
1739,45664,21,107,21107
1740,13373,21,109,21109
1741,60180,21,125,21125
1742,31166,21,157,21157
1743,28326,21,163,21163
1744,27759,21,173,21173
1745,7100,21,181,21181
1746,65374,21,185,21185
1747,10741,21,187,21187
1748,16827,21,203,21203
1749,53517,21,209,21209
1750,126427,21,227,21227
1751,20794,21,003,21003
1752,20144,21,017,21017
1753,79466,21,029,21029
1754,9083,21,055,21055
1755,6210,21,075,21075
1756,15513,21,119,21119
1757,6405,21,165,21165
1758,31081,21,177,21177
1759,26917,21,193,21193
1760,7223,21,237,21237
1761,20621,21,051,21051
1762,27188,21,013,21013
1763,6713,21,057,21057
1764,37294,21,083,21083
1765,6751,21,129,21129
1766,12745,21,031,21031
1767,12122,21,061,21061
1768,18668,21,097,21097
1769,8306,21,023,21023
1770,45388,21,179,21179
1771,20609,21,231,21231
1772,19232,21,155,21155
1773,14344,21,221,21221
1774,129095,21,015,21015
1775,52422,21,113,21113
1776,31467,21,121,21121
1777,22676,21,133,21133
1778,9263,21,139,21139
1779,60483,21,195,21195
1780,46786,21,211,21211
1781,22214,21,005,21005
1782,20080,21,027,21027
1783,50296,21,073,21073
1784,17635,21,147,21147
1785,89700,21,151,21151
1786,10004,21,169,21169
1787,4463,21,189,21189
1788,18063,21,213,21213
1789,35872,21,049,21049
1790,12350,21,219,21219
1791,10711,21,041,21041
1792,10211,21,053,21053
1793,8703,21,077,21077
1794,20474,22,083,22083
1795,54495,01,033,01033
1796,49255,01,045,01045
1797,14887,01,065,01065
1798,71200,01,049,01049
1799,37328,01,053,01053
1800,22574,01,111,01111
1801,414659,01,097,01097
1802,9486,01,105,01105
1803,14938,01,029,01029
1804,12514,01,035,01035
1805,25782,01,005,01005
1806,22527,01,007,01007
1807,115098,01,015,01015
1808,24387,01,025,01025
1809,16585,01,057,01057
1810,37203,27,041,27041
1811,5938,27,051,27051
1812,4337,27,069,27069
1813,27983,27,079,27079
1814,5506,27,087,27087
1815,54727,27,025,27025
1816,15331,27,127,27127
1817,9868,27,173,27173
1818,24440,27,153,27153
1819,46117,27,007,27007
1820,66322,27,013,27013
1821,18663,27,055,27055
1822,6773,27,073,27073
1823,3809,27,077,27077
1824,57992,27,111,27111
1825,18809,27,161,27161
1826,200080,27,137,27137
1827,347431,27,003,27003
1828,156819,27,145,27145
1829,418201,27,037,27037
1830,25839,27,083,27083
1831,25728,27,095,27095
1832,14721,27,129,27129
1833,35540,27,017,27017
1834,5311,27,031,27031
1835,74949,42,111,42111
1836,12205,29,123,29123
1837,20691,29,217,29217
1838,22547,29,147,29147
1839,7546,29,041,29041
1840,13308,29,223,29223
1841,38729,29,201,29201
1842,11850,29,011,29011
1843,13938,29,039,29039
1844,14746,29,073,29073
1845,15254,29,121,29121
1846,10699,29,149,29149
1847,17871,29,186,29186
1848,13374,29,067,29067
1849,21765,29,083,29083
1850,38133,29,109,29109
1851,52591,29,169,29169
1852,25671,29,215,29215
1853,44840,29,027,29027
1854,31562,45,067,45067
1855,286316,45,063,45063
1856,76696,45,073,45073
1857,209065,45,015,45015
1858,394708,45,019,45019
1859,61605,45,043,45043
1860,27131,45,069,45069
1861,195995,45,007,45007
1862,46024,45,025,45025
1863,70264,45,047,45047
1864,320915,45,051,45051
1865,64361,45,055,45055
1866,88454,45,075,45075
1867,302195,45,083,45083
1868,14600,45,009,45009
1869,182658,45,013,45013
1870,14713,45,017,45017
1871,30871,45,033,45033
1872,20299,45,081,45081
1873,408263,45,079,45079
1874,22712,45,039,45039
1875,19807,45,049,45049
1876,498402,45,045,45045
1877,89546,45,057,45057
1878,155474,45,035,45035
1879,138561,45,041,45041
1880,66710,45,059,45059
1881,9606,45,065,45065
1882,122746,45,077,45077
1883,27644,45,087,45087
1884,31794,45,089,45089
1885,2759,46,003,46003
1886,7217,46,051,46051
1887,5468,46,123,46123
1888,2814,46,137,46137
1889,6543,46,115,46115
1890,6969,46,009,46009
1891,34239,46,011,46011
1892,6774,46,047,46047
1893,6000,46,057,46057
1894,3287,46,071,46071
1895,8573,46,033,46033
1896,1331,46,069,46069
1897,2322,46,049,46049
1898,7315,46,067,46067
1899,5510,46,129,46129
1900,2053,46,017,46017
1901,5506,46,037,46037
1902,2930,46,043,46043
1903,1311,46,063,46063
1904,2364,46,089,46089
1905,10285,46,109,46109
1906,1331,46,119,46119
1907,54914,46,083,46083
1908,12574,46,079,46079
1909,25234,46,081,46081
1910,33826,01,017,01017
1911,5707,27,081,27081
1912,9392,27,089,27089
1913,253317,27,163,27163
1914,16004,27,065,27065
1915,75493,06,115,06115
1916,31185,06,035,06035
1917,501317,06,097,06097
1918,180216,06,025,06025
1919,1643700,06,001,06001
1920,140530,06,055,06055
1921,2930,06,091,06091
1922,214977,06,113,06113
1923,99092,06,057,06057
1924,87422,06,045,06045
1925,10098052,06,037,06037
1926,1922200,06,085,06085
1927,43540,06,093,06093
1928,27424,06,015,06015
1929,19164,08,015,08015
1930,58538,08,045,08045
1931,570427,08,059,08059
1932,6465,08,103,08103
1933,8142,08,021,08021
1934,497115,08,001,08001
1935,54357,08,037,08037
1936,13060,08,081,08081
1937,2039,08,017,08017
1938,1841,08,033,08033
1939,1296,08,057,08057
1940,25909,08,083,08083
1941,321030,08,013,08013
1942,10069,08,125,08125
1943,24874,08,107,08107
1944,9379,08,019,08019
1945,164685,08,101,08101
1946,17392,08,093,08093
1947,149998,08,077,08077
1948,688153,08,041,08041
1949,636671,08,005,08005
1950,555133,10,003,10003
1951,174822,10,001,10001
1952,183031,09,005,09005
1953,1446277,12,099,12099
1954,2715516,12,086,12086
1955,11736,12,037,12037
1956,14269,12,047,12047
1957,120999,12,119,12119
1958,19430,12,059,12059
1959,718679,12,071,12071
1960,363922,12,021,12021
1961,510593,12,101,12101
1962,102101,12,055,12055
1963,36399,12,027,12027
1964,69105,12,023,12023
1965,72766,12,107,12107
1966,15239,12,125,12125
1967,39961,12,075,12075
1968,527634,12,127,12127
1969,116538,09,015,09015
1970,268881,09,011,09011
1971,163368,09,007,09007
1972,151269,09,013,09013
1973,944348,09,001,09001
1974,24566,12,133,12133
1975,924229,12,031,12031
1976,26979,12,007,12007
1977,576808,12,009,12009
1978,207291,12,019,12019
1979,8744,12,067,12067
1980,335362,12,069,12069
1981,80578,12,089,12089
1982,957875,12,103,12103
1983,668671,12,105,12105
1984,305591,12,111,12111
1985,13363,12,043,12043
1986,40127,12,051,12051
1987,150984,12,061,12061
1988,48472,12,063,12063
1989,235503,12,109,12109
1990,455086,12,117,12117
1991,182482,12,005,12005
1992,107139,12,035,12035
1993,16055,12,045,12045
1994,8365,12,077,12077
1995,338619,12,097,12097
1996,65858,12,131,12131
1997,46017,12,039,12039
1998,14105,12,065,12065
1999,348371,12,083,12083
2000,27228,12,049,12049
2001,40572,12,093,12093
2002,1321194,12,095,12095
2003,17615,12,041,12041
2004,43924,12,121,12121
2005,263148,12,001,12001
2006,14444,12,013,12013
2007,176954,12,015,12015
2008,16437,12,029,12029
2009,157581,12,085,12085
2010,412144,12,115,12115
2011,373853,12,081,12081
2012,143087,12,017,12017
2013,27785,12,003,12003
2014,170442,12,113,12113
2015,288102,12,073,12073
2016,1909151,12,011,12011
2017,76325,12,087,12087
2018,182696,12,053,12053
2019,1378883,12,057,12057
2020,22098,12,123,12123
2021,31877,12,129,12129
2022,21498,13,189,13189
2023,18235,13,211,13211
2024,11677,13,149,13149
2025,91049,13,095,13095
2026,15218,18,159,18159
2027,107693,18,167,18167
2028,61928,18,173,18173
2029,42704,18,033,18033
2030,38942,18,087,18087
2031,16704,18,139,18139
2032,64321,18,011,18011
2033,486849,18,089,18089
2034,38276,18,107,18107
2035,35195,18,001,18001
2036,23259,18,041,18041
2037,26268,18,021,18021
2038,42418,18,037,18037
2039,22842,18,047,18047
2040,73830,18,059,18059
2041,82387,18,067,18067
2042,5887,18,115,18115
2043,16996,18,121,18121
2044,25076,18,135,18135
2045,8667,18,007,18007
2046,15034,18,013,18013
2047,37559,18,133,18133
2048,27827,18,175,18175
2049,32937,18,027,18027
2050,48483,18,065,18065
2051,37409,18,083,18083
2052,129505,18,095,18095
2053,12411,18,125,18125
2054,12660,18,131,18131
2055,34474,18,151,18151
2056,378227,36,071,36071
2057,60433,37,087,37087
2058,44498,55,033,55033
2059,51828,55,043,55043
2060,115205,55,117,55117
2061,4579,55,078,55078
2062,13167,55,011,55011
2063,117850,55,063,55063
2064,135264,55,073,55073
2065,29438,55,121,55121
2066,87776,55,027,55027
2067,21593,55,125,55125
2068,79407,55,071,55071
2069,15258,55,013,55013
2070,27439,55,029,55029
2071,102315,55,039,55039
2072,7262,55,091,55091
2073,17539,55,103,55103
2074,24116,55,137,55137
2075,16735,55,065,55065
2076,41603,55,093,55093
2077,49807,55,015,55015
2078,168330,55,059,55059
2079,8515,56,019,56019
2080,97692,56,021,56021
2081,23059,56,039,56039
2082,27819,48,407,48407
2083,40769,48,459,48459
2084,49987,48,473,48473
2085,17622,29,053,29053
2086,6665,29,075,29075
2087,13748,29,133,29133
2088,9236,29,153,29153
2089,12281,29,017,29017
2090,3951,29,103,29103
2091,11545,29,139,29139
2092,29512,29,207,29207
2093,25735,29,007,29007
2094,288429,29,077,29077
2095,9383,29,185,29185
2096,4502,29,197,29197
2097,27993,46,029,46029
2098,10177,46,019,46019
2099,4168,46,031,46031
2100,3940,46,045,46045
2101,1435,46,021,46021
2102,3437,46,007,46007
2103,2082,46,055,46055
2104,735,46,075,46075
2105,27424,46,093,46093
2106,8264,46,125,46125
2107,38840,46,013,46013
2108,3397,46,061,46061
2109,5511,46,087,46087
2110,2055,46,095,46095
2111,6506,46,101,46101
2112,109294,46,103,46103
2113,15177,46,127,46127
2114,2229,46,097,46097
2115,54531,47,031,47031
2116,39692,47,047,47047
2117,6585,47,067,47067
2118,56402,47,073,47073
2119,17789,47,091,47091
2120,33711,47,103,47103
2121,23487,47,111,47111
2122,6322,47,127,47127
2123,69344,47,147,47147
2124,41512,47,051,47051
2125,128443,47,009,47009
2126,39929,47,021,47021
2127,56391,47,019,47019
2128,23013,47,057,47057
2129,29167,47,055,47055
2130,26297,47,097,47097
2131,42937,47,099,47099
2132,97682,47,113,47113
2133,28417,47,115,47115
2134,22004,47,133,47133
2135,5088,47,137,47137
2136,16649,47,181,47181
2137,218648,47,187,47187
2138,47558,47,003,47003
2139,68669,47,059,47059
2140,58634,47,035,47035
2141,5704,47,175,47175
2142,31613,47,025,47025
2143,24678,47,081,47081
2144,18318,47,085,47085
2145,76440,47,141,47141
2146,96287,47,155,47155
2147,13301,47,161,47161
2148,17150,47,023,47023
2149,11683,47,039,47039
2150,11615,47,087,47087
2151,25903,47,109,47109
2152,52897,47,145,47145
2153,104557,47,011,47011
2154,63740,47,063,47063
2155,18474,12,079,12079
2156,311522,12,033,12033
2157,200737,12,091,12091
2158,31951,13,187,13187
2159,5836,13,201,13201
2160,37017,13,219,13219
2161,221307,13,151,13151
2162,18156,13,183,13183
2163,25676,13,257,13257
2164,14991,13,161,13161
2165,6428,13,037,13037
2166,153490,13,021,13021
2167,8484,13,197,13197
2168,12775,13,023,13023
2169,22514,13,119,13119
2170,18513,13,171,13171
2171,22499,13,107,13107
2172,13784,13,159,13159
2173,62108,13,179,13179
2174,8437,13,253,13253
2175,8284,13,289,13289
2176,8193,13,269,13269
2177,27048,13,279,13279
2178,9036,13,209,13209
2179,89011,13,247,13247
2180,7939,13,309,13309
2181,18510,13,011,13011
2182,124602,13,059,13059
2183,83974,13,127,13127
2184,65755,13,157,13157
2185,28548,13,169,13169
2186,196670,13,215,13215
2187,6042,13,259,13259
2188,7962,13,287,13287
2189,8265,13,003,13003
2190,3189,13,007,13007
2191,10827,13,043,13043
2192,116022,13,045,13045
2193,22846,13,081,13081
2194,745057,13,067,13067
2195,16227,13,083,13083
2196,15622,13,027,13027
2197,19212,13,105,13105
2198,8827,13,165,13165
2199,2955,20,135,20135
2200,14702,20,011,20011
2201,2526,20,097,20097
2202,178284,20,177,20177
2203,3367,20,019,20019
2204,63101,20,155,20155
2205,7736,20,043,20043
2206,4047,20,081,20081
2207,4949,20,171,20171
2208,9664,20,013,20013
2209,5408,20,147,20147
2210,2881,20,039,20039
2211,17328,21,079,21079
2212,92267,21,037,21037
2213,7517,21,063,21063
2214,14156,21,123,21123
2215,21516,21,167,21167
2216,41268,08,085,08085
2217,28257,08,087,08087
2218,6468,08,109,08109
2219,12052,08,099,08099
2220,878,08,053,08053
2221,4840,08,121,08121
2222,15066,08,049,08049
2223,18325,08,089,08089
2224,66120,08,014,08014
2225,219540,10,005,10005
2226,684498,11,001,11001
2227,859339,09,009,09009
2228,894730,09,003,09003
2229,19644,37,015,37015
2230,23054,37,117,37117
2231,13459,37,143,37143
2232,91270,37,157,37157
2233,10447,37,029,37029
2234,216585,37,071,37071
2235,95629,37,125,37125
2236,61114,37,167,37167
2237,17667,37,199,37199
2238,69791,37,037,37037
2239,191172,37,101,37101
2240,39305,37,145,37145
2241,26786,37,009,37009
2242,57227,37,107,37107
2243,193912,37,133,37133
2244,66532,37,161,37161
2245,37665,37,197,37197
2246,89712,37,023,37023
2247,8019,38,097,38097
2248,4970,38,021,38021
2249,69034,38,101,38101
2250,7016,38,067,38067
2251,2576,38,041,38041
2252,174202,38,017,38017
2253,3352,38,029,38029
2254,16288,38,077,38077
2255,2351,38,001,38001
2256,2313,38,027,38027
2257,8570,38,057,38057
2258,5361,38,073,38073
2259,4413,38,085,38085
2260,1882,38,033,38033
2261,2246,38,095,38095
2262,2369,38,023,38023
2263,3883,38,081,38081
2264,23160,39,105,39105
2265,38864,39,021,39021
2266,165811,39,057,39057
2267,60622,39,087,39087
2268,14702,39,115,39115
2269,22107,39,175,39175
2270,75136,39,043,39043
2271,45307,39,091,39091
2272,541810,39,153,39153
2273,48797,39,149,39149
2274,5797,54,105,54105
2275,8785,54,015,54015
2276,105252,54,061,54061
2277,15614,54,103,54103
2278,185710,54,039,54039
2279,33837,54,077,54077
2280,9932,54,085,54085
2281,21078,54,043,54043
2282,14282,54,007,54007
2283,22817,54,005,54005
2284,21711,54,109,54109
2285,50550,72,119,72119
2286,53371,72,145,72145
2287,39128,72,077,72077
2288,23054,72,121,72121
2289,16783,72,055,72055
2290,26266,72,103,72103
2291,29402,72,141,72141
2292,24888,72,033,72033
2293,41706,72,057,72057
2294,29065,54,083,54083
2295,2721,40,057,40057
2296,12704,40,061,40061
2297,38889,40,111,40111
2298,47311,40,113,40113
2299,6223,40,067,40067
2300,62190,40,047,40047
2301,27823,40,049,40049
2302,44382,40,121,40121
2303,38358,40,123,40123
2304,3708,40,129,40129
2305,20967,40,153,40153
2306,48599,40,021,40021
2307,42112,40,041,40041
2308,4072,40,045,40045
2309,54733,40,051,40051
2310,81512,40,119,40119
2311,72000,40,125,40125
2312,71160,40,037,40037
2313,7515,40,141,40141
2314,11432,40,149,40149
2315,5929,40,033,40033
2316,9001,40,075,40075
2317,49909,40,079,40079
2318,32966,40,089,40089
2319,7718,40,093,40093
2320,40980,40,097,40097
2321,782051,40,109,40109
2322,29209,40,039,40039
2323,9933,40,085,40085
2324,22621,40,009,40009
2325,14886,40,023,40023
2326,25384,40,065,40065
2327,34854,40,081,40081
2328,16428,40,117,40117
2329,25071,40,133,40133
2330,2189,40,025,40025
2331,9634,40,011,40011
2332,5618,40,029,40029
2333,4418,40,053,40053
2334,15618,40,073,40073
2335,38634,40,087,40087
2336,16376,40,095,40095
2337,11411,40,103,40103
2338,10383,40,105,40105
2339,90814,40,131,40131
2340,41359,40,135,40135
2341,5857,40,003,40003
2342,9127,40,151,40151
2343,276733,40,027,40027
2344,12115,40,107,40107
2345,13874,40,005,40005
2346,26028,41,061,41061
2347,335553,41,047,41047
2348,108323,41,019,41019
2349,23143,41,031,41031
2350,81427,41,053,41053
2351,180640,41,017,41017
2352,122870,41,043,41043
2353,103820,41,071,41071
2354,17760,21,207,21207
2355,12019,21,229,21229
2356,43680,21,009,21009
2357,8719,21,091,21091
2358,108095,21,093,21093
2359,9331,21,149,21149
2360,12321,21,197,21197
2361,12727,21,033,21033
2362,48091,21,019,21019
2363,318734,21,067,21067
2364,22843,21,115,21115
2365,13285,21,175,21175
2366,64145,21,199,21199
2367,19241,21,001,21001
2368,13116,21,025,21025
2369,18627,21,099,21099
2370,8637,21,223,21223
2371,4568,21,105,21105
2372,8186,21,143,21143
2373,13490,21,135,21135
2374,26097,21,239,21239
2375,10472,21,131,21131
2376,15783,21,127,21127
2377,65284,21,145,21145
2378,36089,21,235,21235
2379,36926,21,071,21071
2380,164688,21,117,21117
2381,12666,21,153,21153
2382,24499,21,205,21205
2383,25500,21,217,21217
2384,4841,21,039,21039
2385,14313,21,065,21065
2386,131546,22,079,22079
2387,130504,22,105,22105
2388,11180,22,123,22123
2389,9996,22,021,22021
2390,7225,22,035,22035
2391,33636,22,039,22039
2392,45694,22,087,22087
2393,25860,22,121,22121
2394,8618,22,081,22081
2395,38963,22,069,22069
2396,9893,22,025,22025
2397,20322,22,041,22041
2398,22714,22,007,22007
2399,59867,22,113,22113
2400,20021,22,029,22029
2401,57325,23,017,23017
2402,151748,23,019,23019
2403,107444,23,001,23001
2404,290944,23,005,23005
2405,203102,23,031,23031
2406,50710,23,025,23025
2407,51564,24,047,24047
2408,37211,24,041,24041
2409,213690,25,001,25001
2410,127328,25,003,25003
2411,512135,25,023,25023
2412,36936,39,171,39171
2413,38776,21,035,21035
2414,15796,21,045,21045
2415,72263,21,047,21047
2416,99937,21,059,21059
2417,26178,21,085,21085
2418,46137,21,101,21101
2419,21512,01,099,01099
2420,33171,01,079,01079
2421,159287,01,081,01081
2422,29965,01,093,01093
2423,20298,01,107,01107
2424,12985,01,119,01119
2425,659892,01,073,01073
2426,13075,01,023,01023
2427,31542,01,059,01059
2428,19538,01,091,01091
2429,58213,01,113,01113
2430,25853,01,019,01019
2431,37351,01,039,01039
2432,13865,01,041,01041
2433,40029,01,047,01047
2434,92585,01,077,01077
2435,10236,01,085,01085
2436,19054,01,087,01087
2437,93052,01,083,01083
2438,211261,01,117,01117
2439,23875,01,133,01133
2440,208107,01,003,01003
2441,81212,01,051,01051
2442,52094,01,071,01071
2443,80565,01,121,01121
2444,16643,01,129,01129
2445,13378,01,027,01027
2446,119122,01,103,01103
2447,33403,01,109,01109
2448,15984,41,001,41001
2449,66310,41,035,41035
2450,47881,41,041,41041
2451,89780,41,003,41003
2452,22337,41,013,41013
2453,1605,41,055,41055
2454,7228,41,025,41025
2455,30431,41,045,41045
2456,6924,41,063,41063
2457,1426,41,069,41069
2458,11215,41,049,41049
2459,63308,41,011,41011
2460,22507,41,015,41015
2461,1907,41,021,41021
2462,23131,41,027,41027
2463,7843,41,037,41037
2464,798647,41,051,41051
2465,55498,42,103,42103
2466,40466,42,109,42109
2467,41340,42,115,42115
2468,86164,42,039,42039
2469,275972,42,049,42049
2470,14506,42,057,42057
2471,24562,42,067,42067
2472,143555,42,107,42107
2473,27588,42,131,42131
2474,102023,42,001,42001
2475,66331,42,005,42005
2476,39074,42,035,42035
2477,63931,42,025,42025
2478,161443,42,027,42027
2479,92325,42,097,42097
2480,301778,42,095,42095
2481,52376,42,121,42121
2482,166896,42,007,42007
2483,211454,42,069,42069
2484,41806,42,083,42083
2485,132289,42,051,42051
2486,821301,42,091,42091
2487,80216,42,033,42033
2488,138674,42,075,42075
2489,114859,42,081,42081
2490,18294,42,093,42093
2491,40035,42,123,42123
2492,186566,42,019,42019
2493,30608,42,047,42047
2494,538347,42,071,42071
2495,112630,42,085,42085
2496,16937,42,105,42105
2497,41226,42,117,42117
2498,83075,44,005,44005
2499,634533,44,007,44007
2500,48900,44,001,44001
2501,166926,45,003,45003
2502,9214,45,005,45005
2503,26769,45,037,45037
2504,32326,45,023,45023
2505,37568,45,029,45029
2506,11101,25,019,25019
2507,115250,26,005,26005
2508,9194,26,003,26003
2509,26417,26,127,26127
2510,30616,26,035,26035
2511,70775,26,073,26073
2512,53250,26,157,26157
2513,28612,26,007,26007
2514,83389,26,111,26111
2515,8277,26,135,26135
2516,77896,26,037,26037
2517,41067,26,057,26057
2518,98474,26,091,26091
2519,63209,26,117,26117
2520,159566,26,147,26147
2521,365961,26,161,26161
2522,51460,26,027,26027
2523,23877,26,143,26143
2524,43584,26,023,26023
2525,158913,26,075,26075
2526,868704,26,099,26099
2527,8507,26,013,26013
2528,109155,26,045,26045
2529,15414,26,053,26053
2530,23079,27,093,27093
2531,65765,27,131,27131
2532,4008,27,125,27125
2533,62801,27,027,27027
2534,20888,27,045,27045
2535,31591,27,119,27119
2536,14912,27,143,27143
2537,10973,27,165,27165
2538,5016,27,011,27011
2539,29022,27,021,27021
2540,20862,27,057,27057
2541,19964,27,091,27091
2542,20073,55,001,55001
2543,14992,55,007,55007
2544,45502,55,081,55081
2545,73274,55,141,55141
2546,15712,55,003,55003
2547,4337,55,037,55037
2548,84652,55,055,55055
2549,47708,56,005,56005
2550,19011,56,023,56023
2551,80610,56,025,56025
2552,13997,56,009,56009
2553,2448,56,027,56027
2554,44117,56,037,56037
2555,40454,47,177,47177
2556,127055,47,179,47179
2557,33626,47,183,47183
2558,16112,47,005,47005
2559,14602,47,007,47007
2560,39687,47,013,47013
2561,13976,47,015,47015
2562,8176,47,083,47083
2563,89776,47,119,47119
2564,47837,48,373,48373
2565,7236,48,391,48391
2566,54368,48,467,48467
2567,41401,48,055,48055
2568,12906,48,487,48487
2569,43349,55,095,55095
2570,5614,48,317,48317
2571,3752,48,383,48383
2572,8571,48,501,48501
2573,34113,48,189,48189
2574,25478,48,419,48419
2575,12275,48,387,48387
2576,10310,48,399,48399
2577,3865,48,435,48435
2578,117466,48,451,48451
2579,91970,48,469,48469
2580,41551,48,481,48481
2581,131818,48,485,48485
2582,665,48,033,48033
2583,10083,48,315,48315
2584,57970,48,323,48323
2585,226941,01,101,01101
2586,95145,01,095,01095
2587,57645,01,009,01009
2588,17124,01,067,01067
2589,357560,01,089,01089
2590,55200,01,001,01001
2591,40636,01,123,01123
2592,26491,01,061,01061
2593,10809,01,131,01131
2594,5750,02,016,02016
2595,890,02,060,02060
2596,13649,02,150,02150
2597,7734,02,188,02188
2598,18040,02,050,02050
2599,9797,02,185,02185
2600,8738,02,220,02220
2601,99653,02,090,02090
2602,13804,02,130,02130
2603,103464,02,170,02170
2604,9925,02,180,02180
2605,4975,02,070,02070
2606,689,02,282,02282
2607,1375,02,164,02164
2608,6876,02,240,02240
2609,296112,02,020,02020
2610,3425,02,013,02013
2611,9301,02,261,02261
2612,58220,02,122,02122
2613,1061,02,230,02230
2614,6474,02,198,02198
2615,201463,13,245,13245
2616,13990,13,251,13251
2617,25353,13,267,13267
2618,19025,13,019,13019
2619,68824,13,295,13295
2620,902298,13,135,13135
2621,76887,13,013,13013
2622,12983,13,049,13049
2623,6743,13,065,13065
2624,103620,13,015,13015
2625,141840,13,097,13097
2626,24926,13,131,13131
2627,8535,13,141,13141
2628,103849,13,313,13313
2629,13480,13,193,13193
2630,69774,13,285,13285
2631,33590,13,145,13145
2632,5211,13,249,13249
2633,20656,13,321,13321
2634,13905,13,093,13093
2635,10727,13,109,13109
2636,2613,13,307,13307
2637,58689,13,103,13103
2638,3009,13,125,13125
2639,2276,13,239,13239
2640,287049,13,051,13051
2641,9730,13,167,13167
2642,10366,13,173,13173
2643,28900,13,195,13195
2644,22432,13,205,13205
2645,40510,13,277,13277
2646,41621,13,233,13233
2647,6378,13,263,13263
2648,8859,13,273,13273
2649,44730,13,275,13275
2650,9078,13,319,13319
2651,14784,13,221,13221
2652,7087,13,243,13243
2653,35599,13,299,13299
2654,29767,13,305,13305
2655,8846,13,315,13315
2656,45286,13,009,13009
2657,74782,13,031,13031
2658,3001,13,061,13061
2659,3994,13,101,13101
2660,743187,13,089,13089
2661,28956,13,143,13143
2662,15772,13,163,13163
2663,7799,13,181,13181
2664,39557,13,213,13213
2665,11295,13,235,13235
2666,16457,13,241,13241
2667,11417,13,281,13281
2668,6777,13,283,13283
2669,9268,13,155,13155
2670,18454,13,001,13001
2671,38562,41,007,41007
2672,179473,47,165,47165
2673,9573,47,169,47169
2674,7686,47,027,47027
2675,17136,19,171,19171
2676,35315,19,179,19179
2677,10245,19,069,19069
2678,20344,19,027,19027
2679,18445,19,031,19031
2680,15858,19,067,19067
2681,9003,19,073,19073
2682,11223,19,115,19115
2683,11769,19,119,19119
2684,10571,19,189,19189
2685,11694,19,165,19165
2686,12510,19,007,19007
2687,16207,19,095,19095
2688,15363,19,145,19145
2689,20401,19,191,19191
2690,93503,19,155,19155
2691,40271,19,127,19127
2692,26399,19,015,19015
2693,20260,19,021,19021
2694,9264,19,089,19089
2695,10674,19,077,19077
2696,9566,19,091,19091
2697,15890,19,121,19121
2698,144012,51,179,51179
2699,46894,72,063,72063
2700,26463,72,087,72087
2701,54166,72,005,72005
2702,8599,72,083,72083
2703,22993,72,149,72149
2704,157453,72,031,72031
2705,53466,72,069,72069
2706,31320,72,101,72101
2707,67780,72,139,72139
2708,20984,72,111,72111
2709,73405,72,135,72135
2710,2518,02,100,02100
2711,32330,02,110,02110
2712,5415,02,290,02290
2713,2232,02,068,02068
2714,2132,02,105,02105
2715,2484,02,275,02275
2716,1019722,04,019,04019
2717,53400,04,007,04007
2718,126279,04,003,04003
2719,71522,04,001,04001
2720,207829,04,027,04027
2721,108705,04,017,04017
2722,15061,05,021,05021
2723,18502,05,043,05043
2724,17603,05,121,05121
2725,37288,05,009,05009
2726,13695,05,079,05079
2727,49013,05,035,05035
2728,122416,05,045,05045
2729,16438,05,089,05089
2730,7923,05,129,05129
2731,258980,05,007,05007
2732,33520,05,059,05059
2733,16076,05,087,05087
2734,251025,24,025,24025
2735,71977,24,001,24001
2736,153751,42,055,42055
2737,45114,42,119,42119
2738,51536,42,127,42127
2739,48611,42,009,42009
2740,167586,42,089,42089
2741,45421,42,061,42061
2742,207547,42,125,42125
2743,1575522,42,101,42101
2744,444014,42,133,42133
2745,85755,42,063,42063
2746,247433,42,041,42041
2747,1225561,42,003,42003
2748,354751,42,129,42129
2749,7351,42,053,42053
2750,123842,42,013,42013
2751,87382,42,073,42073
2752,61304,42,015,42015
2753,134550,42,021,42021
2754,517156,42,029,42029
2755,416642,42,011,42011
2756,46362,42,087,42087
2757,128560,48,181,48181
2758,12123,48,297,48297
2759,28317,48,363,48363
2760,15387,48,255,48255
2761,20435,48,123,48123
2762,13770,48,059,48059
2763,30087,48,067,48067
2764,123494,48,183,48183
2765,14128,48,313,48313
2766,301454,48,303,48303
2767,118910,48,257,48257
2768,41982,48,259,48259
2769,5872,48,153,48153
2770,7092,48,017,48017
2771,40292,48,071,48071
2772,342236,48,027,48027
2773,421750,48,061,48061
2774,18899,48,117,48117
2775,837654,48,141,48141
2776,7409,48,283,48283
2777,862,48,443,48443
2778,21496,48,457,48457
2779,5482,48,483,48483
2780,8789,48,009,48009
2781,9216,48,043,48043
2782,849389,48,215,48215
2783,225015,48,423,48423
2784,3633,48,105,48105
2785,5809,48,207,48207
2786,36667,48,227,48227
2787,4902,48,333,48333
2788,19409,48,337,48337
2789,23440,48,365,48365
2790,10458,48,403,48403
2791,3058,48,421,48421
2792,7484,48,437,48437
2793,92152,48,231,48231
2794,12813,48,063,48063
2795,5547,48,195,48195
2796,155137,48,187,48187
2797,10387,48,077,48077
2798,5767,48,205,48205
2799,35399,48,217,48217
2800,23515,48,293,48293
2801,65558,48,347,48347
2802,9852,48,369,48369
2803,129802,48,367,48367
2804,7123,48,377,48377
2805,49027,48,465,48465
2806,2241,48,109,48109
2807,158342,48,135,48135
2808,6288,48,169,48169
2809,1430,48,173,48173
2810,27630,48,185,48185
2811,944350,48,085,48085
2812,87607,48,005,48005
2813,1623,48,101,48101
2814,204150,48,209,48209
2815,353999,48,039,48039
2816,3387,48,129,48129
2817,106497,13,217,13217
2818,45606,13,071,13071
2819,278666,13,063,13063
2820,195961,13,139,13139
2821,165281,15,009,15009
2822,4326,16,071,16071
2823,17052,16,045,16045
2824,4019,16,003,16003
2825,23431,16,053,16053
2826,3845,16,061,16061
2827,11455,16,073,16073
2828,11549,16,021,16021
2829,6918,16,029,16029
2830,85065,16,005,16005
2831,112397,16,019,16019
2832,212230,16,027,16027
2833,24925,13,111,13111
2834,151682,13,153,13153
2835,47418,13,175,13175
2836,64719,13,255,13255
2837,16115,13,271,13271
2838,22775,13,291,13291
2839,104003,39,029,39029
2840,42305,39,051,39051
2841,30195,39,053,39053
2842,231064,39,099,39099
2843,76377,39,145,39145
2844,34976,39,117,39117
2845,41207,39,135,39135
2846,103642,39,003,39003
2847,42021,39,033,39033
2848,39274,39,059,39059
2849,40806,39,107,39107
2850,135198,39,023,39023
2851,306713,39,093,39093
2852,532034,39,113,39113
2853,226564,39,165,39165
2854,98136,39,007,39007
2855,44880,40,071,40071
2856,14493,40,035,40035
2857,136710,40,017,40017
2858,10495,40,077,40077
2859,21121,40,139,40139
2860,11119,40,127,40127
2861,11041,40,069,40069
2862,5415,40,007,40007
2863,13460,40,063,40063
2864,122561,40,031,40031
2865,22113,40,001,40001
2866,43983,40,137,40137
2867,48406,40,019,40019
2868,5943,40,055,40055
2869,19819,40,091,40091
2870,13875,40,099,40099
2871,31566,40,115,40115
2872,77850,40,145,40145
2873,29342,40,015,40015
2874,69084,40,101,40101
2875,45759,40,013,40013
2876,214267,41,029,41029
2877,7183,41,023,41023
2878,405788,41,005,41005
2879,26076,41,057,41057
2880,85481,41,033,41033
2881,76898,41,059,41059
2882,50851,41,009,41009
2883,25866,41,065,41065
2884,368882,41,039,41039
2885,581821,41,067,41067
2886,48198,48,493,48493
2887,23162,48,219,48219
2888,164194,48,329,48329
2889,20640,48,299,48299
2890,34175,48,147,48147
2891,219193,48,041,48041
2892,20321,48,165,48165
2893,22685,48,179,48179
2894,8842,48,237,48237
2895,18122,48,035,48035
2896,1925865,48,029,48029
2897,3591,48,023,48023
2898,807047,48,121,48121
2899,327089,48,167,48167
2900,885,48,393,48393
2901,27009,48,463,48463
2902,93858,48,037,48037
2903,749,48,263,48263
2904,19293,47,173,47173
2905,25771,47,071,47071
2906,51988,47,043,47043
2907,21596,47,129,47129
2908,45876,47,123,47123
2909,32279,47,079,47079
2910,14499,47,033,47033
2911,7526,47,095,47095
2912,456185,47,093,47093
2913,52773,47,107,47107
2914,32269,47,117,47117
2915,32628,47,143,47143
2916,21954,47,151,47151
2917,75775,47,001,47001
2918,17994,47,049,47049
2919,49175,47,053,47053
2920,25562,47,069,47069
2921,51610,47,105,47105
2922,307128,47,149,47149
2923,19458,47,159,47159
2924,132663,47,189,47189
2925,17780,47,171,47171
2926,19482,35,027,35027
2927,65459,35,005,35005
2928,70126,35,025,35025
2929,148917,35,049,35049
2930,4175,35,059,35059
2931,11135,35,051,35051
2932,17000,35,053,35053
2933,19117,35,041,35041
2934,215338,35,013,35013
2935,18356,35,028,35028
2936,39307,35,039,35039
2937,28034,35,047,35047
2938,75956,35,061,35061
2939,15595,35,057,35057
2940,677692,35,001,35001
2941,65745,35,035,35035
2942,26978,35,006,35006
2943,2060,35,011,35011
2944,4382,35,019,35019
2945,3539,35,003,35003
2946,1437872,36,005,36005
2947,464242,36,067,36067
2948,80794,36,019,36019
2949,34612,36,099,36099
2950,99070,36,079,36079
2951,62505,36,043,36043
2952,109472,36,069,36069
2953,96927,36,101,36101
2954,4575,36,041,36041
2955,129656,36,013,36013
2956,2600747,36,047,36047
2957,49045,36,107,36107
2958,41175,36,073,36073
2959,227377,36,091,36091
2960,60919,36,021,36021
2961,26719,36,049,36049
2962,8673,56,031,56031
2963,30012,56,033,56033
2964,11901,56,003,56003
2965,7410,56,011,56011
2966,29121,56,029,56029
2967,38102,56,001,56001
2968,15477,56,007,56007
2969,13438,56,015,56015
2970,20609,56,041,56041
2971,8129,56,043,56043
2972,4680,56,017,56017
2973,40076,56,013,56013
2974,9951,56,035,56035
2975,7100,56,045,56045
2976,23457,72,009,72009
2977,19008,72,059,72059
2978,23315,72,079,72079
2979,18181,72,001,72001
2980,32222,72,027,72027
2981,16180,72,067,72067
2982,39692,72,091,72091
2983,28557,72,105,72105
2984,32114,72,125,72125
2985,87242,72,013,72013
2986,18111,72,015,72015
2987,11910,72,054,72054
2988,24036,72,115,72115
2989,36872,72,099,72099
2990,1314,72,049,72049
2991,28633,72,123,72123
2992,24299,72,017,72017
2993,36439,72,153,72153
2994,88663,72,061,72061
2995,49005,72,023,72023
2996,32001,72,053,72053
2997,17334,72,109,72109
2998,14269,72,117,72117
2999,26275,72,007,72007
3000,182955,72,021,72021
3001,44530,72,035,72035
3002,40390,72,065,72065
3003,46960,72,075,72075
3004,77255,72,097,72097
3005,197661,17,167,17167
3006,32546,17,157,17157
3007,51328,17,141,17141
3008,34426,17,137,17137
3009,14025,17,193,17193
3010,6884,17,071,17071
3011,173219,17,113,17113
3012,21384,17,145,17145
3013,145275,17,161,17161
3014,11573,17,185,17185
3015,10865,17,035,17035
3016,21834,17,085,17085
3017,16189,17,101,17101
3018,11794,17,123,17123
3019,33231,17,021,17021
3020,58551,17,077,17077
3021,184463,17,143,17143
3022,16427,17,147,17147
3023,5500,17,175,17175
3024,16712,17,005,17005
3025,14562,17,015,17015
3026,22069,17,083,17083
3027,21724,17,051,17051
3028,29207,17,107,17107
3029,24231,17,165,17165
3030,703619,17,097,17097
3031,39239,16,057,16057
3032,53752,22,099,22099
3033,51007,22,115,22115
3034,968815,36,119,36119
3035,45502,36,025,36025
3036,49426,36,057,36057
3037,474101,36,085,36085
3038,109558,36,089,36089
3039,102962,36,109,36109
3040,64480,36,113,36113
3041,48123,36,023,36023
3042,293894,36,027,36027
3043,744248,36,055,36055
3044,230782,36,065,36065
3045,179303,36,111,36111
3046,85740,36,015,36015
3047,63907,36,051,36051
3048,60244,36,077,36077
3049,47617,36,039,36039
3050,307426,36,001,36001
3051,47025,36,003,36003
3052,77686,36,009,36009
3053,71359,36,053,36053
3054,154883,36,093,36093
3055,58112,36,037,36037
3056,25009,36,123,36123
3057,21008,37,079,37079
3058,15040,37,121,37121
3059,14205,37,041,37041
3060,60486,54,055,54055
3061,24605,54,097,54097
3062,8518,54,101,54101
3063,113495,54,003,54003
3064,44126,54,019,54019
3065,5715,55,051,55051
3066,34491,55,019,55019
3067,87917,55,109,55109
3068,37556,55,083,55083
3069,27848,55,069,55069
3070,51444,55,135,55135
3071,45252,55,005,55005
3072,16370,55,113,55113
3073,18757,55,047,55047
3074,13490,55,099,55099
3075,15207,55,077,55077
3076,40537,55,075,55075
3077,954209,55,079,55079
3078,195398,55,101,55101
3079,169926,55,139,55139
3080,9018,55,041,55041
3081,36864,55,045,55045
3082,14183,55,107,55107
3083,41009,55,115,55115
3084,19164,55,067,55067
3085,184754,55,087,55087
3086,30516,55,123,55123
3087,56954,55,021,55021
3088,20360,55,061,55061
3089,259786,55,009,55009
3090,102991,55,035,55035
3091,35345,55,085,55085
3092,34165,72,047,72047
3093,11023,72,095,72095
3094,143926,72,113,72113
3095,37964,72,131,72131
3096,79726,72,137,72137
3097,22066,72,133,72133
3098,26216,13,293,13293
3099,20461,13,303,13303
3100,28928,13,311,13311
3101,26966,13,225,13225
3102,155840,13,223,13223
3103,19164,13,229,13229
3104,18082,13,231,13231
3105,8247,18,171,18171
3106,15560,18,165,18165
3107,27947,18,179,18179
3108,370016,18,003,18003
3109,26552,18,031,18031
3110,115616,18,035,18035
3111,76809,18,043,18043
3112,32237,18,077,18077
3113,27727,18,079,18079
3114,151564,18,081,18081
3115,35901,18,103,18103
3116,69727,18,109,18109
3117,33596,18,051,18051
3118,14018,18,111,18111
3119,19547,18,117,18117
3120,269240,18,141,18141
3121,78806,18,085,18085
3122,46595,18,099,18099
3123,10628,18,155,18155
3124,181313,18,163,18163
3125,12129,18,009,18009
3126,23743,18,143,18143
3127,145403,18,105,18105
3128,203604,18,039,18039
3129,10581,18,025,18025
3130,38084,18,017,18017
3131,944523,18,097,18097
3132,66613,18,177,18177
3133,14735,19,023,19023
3134,6968,19,071,19071
3135,15110,19,079,19079
3136,6201,19,173,19173
3137,12453,19,175,19175
3138,7489,19,195,19195
3139,4984,19,159,19159
3140,7124,19,001,19001
3141,12099,19,037,19037
3142,9282,19,039,19039
3143,17056,19,059,19059
3144,147001,19,103,19103
3145,10200,19,107,19107
3146,444094,22,033,22033
3147,24088,22,085,22085
3148,25661,22,003,22003
3149,11472,22,065,22065
3150,31467,22,053,22053
3151,21357,22,093,22093
3152,22348,22,043,22043
3153,15377,22,125,22125
3154,435300,22,051,22051
3155,36769,22,011,22011
3156,13668,22,013,22013
3157,126131,22,015,22015
3158,6868,22,023,22023
3159,19499,22,037,22037
3160,43446,22,095,22095
3161,23373,22,075,22075
3162,156075,22,073,22073
3163,46457,22,117,22117
3164,83449,22,097,22097
3165,62568,22,001,22001
3166,51734,22,101,22101
3167,252093,22,103,22103
3168,22475,22,111,22111
3169,248361,22,017,22017
3170,121176,22,005,22005
3171,240091,22,055,22055
3172,72691,22,045,22045
3173,47356,22,061,22061
3174,10411,22,091,22091
3175,39631,22,119,22119
3176,27216,22,031,22031
3177,32956,22,047,22047
3178,14494,22,127,22127
3179,138111,22,063,22063
3180,25992,22,067,22067
3181,389648,22,071,22071
3182,112587,22,109,22109
3183,200182,22,019,22019
3184,16153,22,027,22027
3185,40882,22,009,22009
3186,15926,22,049,22049
3187,22158,22,077,22077
3188,52724,22,089,22089
3189,98214,22,057,22057
3190,4666,22,107,22107
3191,14949,22,059,22059
3192,34067,23,015,23015
3193,39418,23,027,23027
3194,16887,23,021,23021
3195,68269,23,003,23003
3196,31694,23,029,23029
3197,39823,23,013,23013
3198,35277,23,023,23023
3199,121545,23,011,23011
3200,30019,23,007,23007
3201,54541,23,009,23009
3202,614700,24,510,24510
3203,25737,24,039,24039
3204,15689,55,129,55129
3205,398879,55,133,55133
3206,103013,55,127,55127
3207,16288,55,023,55023
3208,26419,55,057,55057
3209,63596,55,111,55111
3210,134535,55,131,55131
3211,63635,55,017,55017
3212,529843,55,025,55025
3213,43402,55,031,55031
3214,20506,55,053,55053
3215,23620,55,049,55049
3216,88284,55,089,55089
3217,70599,55,097,55097
3218,161769,55,105,55105
3219,20356,55,119,55119
